First,Last,,,,,,,,,,,,,,,,,,,,,,,,,40 765,,250,Bolton,33 800
JAMES,Smith,,,,,,,,,,,,,,,,,,,,,,,,,40 761,,251,Hardy,33 773
JOHN,Jones,,,,,,,,,,,,,,,,,,,,,,,,,40 678,,252,Heath,33 647
ROBERT,Taylor,,,,,,,,,,,,,,,,,,,,,,,,,40 614,,253,Davey,33 556
MICHAEL,Williams,,,,,,,,,,,,,,,,,,,,,,,,,40 554,,254,Rice,33 363
WILLIAM,Brown,,,,,,,,,,,,,,,,,,,,,,,,,40 053,,255,Jacobs,32 761
DAVID,Davies,,,,,,,,,,,,,,,,,,,,,,,,,39 981,,256,Parsons,32 698
RICHARD,Evans,,,,,,,,,,,,,,,,,,,,,,,,,39 857,,257,Ashton,32 675
CHARLES,Wilson,,,,,,,,,,,,,,,,,,,,,,,,,39 580,,258,Robson,32 669
JOSEPH,Thomas,,,,,,,,,,,,,,,,,,,,,,,,,39 355,,259,French,32 541
THOMAS,Roberts,,,,,,,,,,,,,,,,,,,,,,,,,39 193,,260,Farrell,32 195
CHRISTOPHER,Johnson,,,,,,,,,,,,,,,,,,,,,,,,,39 108,,261,Walton,32 149
DANIEL,Lewis,,,,,,,,,,,,,,,,,,,,,,,,,38 924,,262,Gilbert,32 131
PAUL,Walker,,,,,,,,,,,,,,,,,,,,,,,,,38 849,,263,Mcintyre,32 129
MARK,Robinson,,,,,,,,,,,,,,,,,,,,,,,,,38 753,,264,Newton,32 089
DONALD,Wood,,,,,,,,,,,,,,,,,,,,,,,,,38 498,,265,Norman,32 054
GEORGE,Thompson,,,,,,,,,,,,,,,,,,,,,,,,,38 176,,266,Higgins,31 950
KENNETH,White,,,,,,,,,,,,,,,,,,,,,,,,,37 989,,267,Hodgson,31 895
STEVEN,Watson,,,,,,,,,,,,,,,,,,,,,,,,,37 778,,268,Sutherland,31 784
EDWARD,Jackson,,,,,,,,,,,,,,,,,,,,,,,,,37 567,,269,Kay,31 520
BRIAN,Wright,,,,,,,,,,,,,,,,,,,,,,,,,37 552,,270,Bishop,31 479
RONALD,Green,,,,,,,,,,,,,,,,,,,,,,,,,37 457,,271,Burgess,31 473
ANTHONY,Harris,,,,,,,,,,,,,,,,,,,,,,,,,37 155,,272,Simmons,31 386
KEVIN,Cooper,,,,,,,,,,,,,,,,,,,,,,,,,36 854,,273,Hutchinson,31 369
JASON,King,,,,,,,,,,,,,,,,,,,,,,,,,36 816,,274,Moran,31 308
MATTHEW,Lee,,,,,,,,,,,,,,,,,,,,,,,,,36 737,,275,Frost,31 298
GARY,Martin,,,,,,,,,,,,,,,,,,,,,,,,,36 674,,276,Sharma,31 288
TIMOTHY,Clarke,,,,,,,,,,,,,,,,,,,,,,,,,36 450,,277,Slater,31 226
JOSE,James,,,,,,,,,,,,,,,,,,,,,,,,,36 021,,278,Greenwood,31 203
LARRY,Morgan,,,,,,,,,,,,,,,,,,,,,,,,,36 011,,279,Kirk,31 170
JEFFREY,Hughes,,,,,,,,,,,,,,,,,,,,,,,,,35 979,,280,Fernandez,31 117
FRANK,Edwards,,,,,,,,,,,,,,,,,,,,,,,,,35 736,,281,Garcia,31 015
SCOTT,Hill,,,,,,,,,,,,,,,,,,,,,,,,,35 599,, ,Atkins,31 015
ERIC,Moore,,,,,,,,,,,,,,,,,,,,,,,,,35 264,,283,Daniel,30 918
STEPHEN,Clark,,,,,,,,,,,,,,,,,,,,,,,,,35 258,,284,Beattie,30 886
ANDREW,Harrison,,,,,,,,,,,,,,,,,,,,,,,,,35 101,,285,Maxwell,30 847
RAYMOND,Scott,,,,,,,,,,,,,,,,,,,,,,,,,35 010,,286,Todd,30 590
GREGORY,Young,,,,,,,,,,,,,,,,,,,,,,,,,34 909,,287,Charles,30 449
JOSHUA,Morris,,,,,,,,,,,,,,,,,,,,,,,,,34 834,,288,Paul,30 300
JERRY,Hall,,,,,,,,,,,,,,,,,,,,,,,,,34 681,,289,Crawford,30 292
DENNIS,Ward,,,,,,,,,,,,,,,,,,,,,,,,,34 628,,290,O connor,30 271
WALTER,Turner,,,,,,,,,,,,,,,,,,,,,,,,,34 527,,291,Park,30 076
PATRICK,Carter,,,,,,,,,,,,,,,,,,,,,,,,,34 442,,292,Forrest,30 021
PETER,Phillips,,,,,,,,,,,,,,,,,,,,,,,,,34 091,,293,Love,29 973
HAROLD,Mitchell,,,,,,,,,,,,,,,,,,,,,,,,,34 075,,294,Rowland,29 927
DOUGLAS,Patel,,,,,,,,,,,,,,,,,,,,,,,,,34 001,,295,Connolly,29 874
HENRY,Adams,,,,,,,,,,,,,,,,,,,,,,,,,33 983,,296,Sheppard,29 653
CARL,Campbell,,,,,,,,,,,,,,,,,,,,,,,,,33 846,,297,Harding,29 560
ARTHUR,Anderson,,,,,,,,,,,,,,,,,,,,,,,,,33 832,,298,Banks,29 546
RYAN,Allen,,,,,,,,,,,,,,,,,,,,,,,,,33 812,,299,Rowe,29 371
ROGER,Cook,,,,,,,,,,,,,,,,,,,,,,,,,,,,,
JOE,Bailey,,,,,,,,,,,,,,,,,,,,,,,,,,,,,
JUAN,Parker,,,,,,,,,,,,,,,,,,,,,,,,,,,,,
JACK,Miller,,,,,,,,,,,,,,,,,,,,,,,,,,,,,
ALBERT,Davis,,,,,,,,,,,,,,,,,,,,,,,,,,,,,
JONATHAN,Murphy,,,,,,,,,,,,,,,,,,,,,,,,,,,,,
JUSTIN,Price,,,,,,,,,,,,,,,,,,,,,,,,,,,,,
TERRY,Bell,,,,,,,,,,,,,,,,,,,,,,,,,,,,,
GERALD,Baker,,,,,,,,,,,,,,,,,,,,,,,,,,,,,
KEITH,Griffiths,,,,,,,,,,,,,,,,,,,,,,,,,,,,,
SAMUEL,Kelly,,,,,,,,,,,,,,,,,,,,,,,,,,,,,
WILLIE,Simpson,,,,,,,,,,,,,,,,,,,,,,,,,,,,,
RALPH,Marshall,,,,,,,,,,,,,,,,,,,,,,,,,,,,,
LAWRENCE,Collins,,,,,,,,,,,,,,,,,,,,,,,,,,,,,
NICHOLAS,Bennett,,,,,,,,,,,,,,,,,,,,,,,,,,,,,
ROY,Cox,,,,,,,,,,,,,,,,,,,,,,,,,,,,,
BENJAMIN,Richardson,,,,,,,,,,,,,,,,,,,,,,,,,,,,,
BRUCE,Fox,,,,,,,,,,,,,,,,,,,,,,,,,,,,,
BRANDON,Gray,,,,,,,,,,,,,,,,,,,,,,,,,,,,,
ADAM,Rose,,,,,,,,,,,,,,,,,,,,,,,,,,,,,
HARRY,Chapman,,,,,,,,,,,,,,,,,,,,,,,,,,,,,
FRED,Hunt,,,,,,,,,,,,,,,,,,,,,,,,,,,,,
WAYNE,Robertson,,,,,,,,,,,,,,,,,,,,,,,,,,,,,
BILLY,Shaw,,,,,,,,,,,,,,,,,,,,,,,,,,,,,
STEVE,Reynolds,,,,,,,,,,,,,,,,,,,,,,,,,,,,,
LOUIS,Lloyd,,,,,,,,,,,,,,,,,,,,,,,,,,,,,
JEREMY,Ellis,,,,,,,,,,,,,,,,,,,,,,,,,,,,,
AARON,Richards,,,,,,,,,,,,,,,,,,,,,,,,,,,,,
RANDY,Russell,,,,,,,,,,,,,,,,,,,,,,,,,,,,,
HOWARD,Wilkinson,,,,,,,,,,,,,,,,,,,,,,,,,,,,,
EUGENE,Khan,,,,,,,,,,,,,,,,,,,,,,,,,,,,,
CARLOS,Graham,,,,,,,,,,,,,,,,,,,,,,,,,,,,,
RUSSELL,Stewart,,,,,,,,,,,,,,,,,,,,,,,,,,,,,
BOBBY,Reid,,,,,,,,,,,,,,,,,,,,,,,,,,,,,
VICTOR,Murray,,,,,,,,,,,,,,,,,,,,,,,,,,,,,
MARTIN,Powell,,,,,,,,,,,,,,,,,,,,,,,,,,,,,
ERNEST,Palmer,,,,,,,,,,,,,,,,,,,,,,,,,,,,,
PHILLIP,Holmes,,,,,,,,,,,,,,,,,,,,,,,,,,,,,
TODD,Rogers,,,,,,,,,,,,,,,,,,,,,,,,,,,,,
JESSE,Stevens,,,,,,,,,,,,,,,,,,,,,,,,,,,,,
CRAIG,Walsh,,,,,,,,,,,,,,,,,,,,,,,,,,,,,
ALAN,Hunter,,,,,,,,,,,,,,,,,,,,,,,,,,,,,
SHAWN,Thomson,,,,,,,,,,,,,,,,,,,,,,,,,,,,,
CLARENCE,Matthews,,,,,,,,,,,,,,,,,,,,,,,,,,,,,
SEAN,Ross,,,,,,,,,,,,,,,,,,,,,,,,,,,,,
PHILIP,Owen,,,,,,,,,,,,,,,,,,,,,,,,,,,,,
CHRIS,Mason,,,,,,,,,,,,,,,,,,,,,,,,,,,,,
JOHNNY,Knight,,,,,,,,,,,,,,,,,,,,,,,,,,,,,
EARL,Kennedy,,,,,,,,,,,,,,,,,,,,,,,,,,,,,
JIMMY,Butler,,,,,,,,,,,,,,,,,,,,,,,,,,,,,
ANTONIO,Saunders,,,,,,,,,,,,,,,,,,,,,,,,,,,,,
DANNY,Cole,,,,,,,,,,,,,,,,,,,,,,,,,,,,,
BRYAN,Pearce,,,,,,,,,,,,,,,,,,,,,,,,,,,,,
TONY,Dean,,,,,,,,,,,,,,,,,,,,,,,,,,,,,
LUIS,Foster,,,,,,,,,,,,,,,,,,,,,,,,,,,,,
MIKE,Harvey,,,,,,,,,,,,,,,,,,,,,,,,,,,,,
STANLEY,Hudson,,,,,,,,,,,,,,,,,,,,,,,,,,,,,
LEONARD,Gibson,,,,,,,,,,,,,,,,,,,,,,,,,,,,,
NATHAN,Mills,,,,,,,,,,,,,,,,,,,,,,,,,,,,,
DALE,Berry,,,,,,,,,,,,,,,,,,,,,,,,,,,,,
MANUEL,Barnes,,,,,,,,,,,,,,,,,,,,,,,,,,,,,
RODNEY,Pearson,,,,,,,,,,,,,,,,,,,,,,,,,,,,,
CURTIS,Kaur,,,,,,,,,,,,,,,,,,,,,,,,,,,,,
NORMAN,Booth,,,,,,,,,,,,,,,,,,,,,,,,,,,,,
ALLEN,Dixon,,,,,,,,,,,,,,,,,,,,,,,,,,,,,
MARVIN,Grant,,,,,,,,,,,,,,,,,,,,,,,,,,,,,
VINCENT,Gordon,,,,,,,,,,,,,,,,,,,,,,,,,,,,,
GLENN,Lane,,,,,,,,,,,,,,,,,,,,,,,,,,,,,
JEFFERY,Harper,,,,,,,,,,,,,,,,,,,,,,,,,,,,,
TRAVIS,Ali,,,,,,,,,,,,,,,,,,,,,,,,,,,,,
JEFF,Hart,,,,,,,,,,,,,,,,,,,,,,,,,,,,,
CHAD,Mcdonald,,,,,,,,,,,,,,,,,,,,,,,,,,,,,
JACOB,Brooks,,,,,,,,,,,,,,,,,,,,,,,,,,,,,
LEE,Ryan,,,,,,,,,,,,,,,,,,,,,,,,,,,,,
MELVIN,Carr,,,,,,,,,,,,,,,,,,,,,,,,,,,,,
ALFRED,Macdonald,,,,,,,,,,,,,,,,,,,,,,,,,,,,,
KYLE,Hamilton,,,,,,,,,,,,,,,,,,,,,,,,,,,,,
FRANCIS,Johnston,,,,,,,,,,,,,,,,,,,,,,,,,,,,,
BRADLEY,West,,,,,,,,,,,,,,,,,,,,,,,,,,,,,
JESUS,Gill,,,,,,,,,,,,,,,,,,,,,,,,,,,,,
HERBERT,Dawson,,,,,,,,,,,,,,,,,,,,,,,,,,,,,
FREDERICK,Armstrong,,,,,,,,,,,,,,,,,,,,,,,,,,,,,
RAY,Gardner,,,,,,,,,,,,,,,,,,,,,,,,,,,,,
JOEL,Stone,,,,,,,,,,,,,,,,,,,,,,,,,,,,,
EDWIN,Andrews,,,,,,,,,,,,,,,,,,,,,,,,,,,,,
DON,Williamson,,,,,,,,,,,,,,,,,,,,,,,,,,,,,
EDDIE,Barker,,,,,,,,,,,,,,,,,,,,,,,,,,,,,
RICKY,George,,,,,,,,,,,,,,,,,,,,,,,,,,,,,
TROY,Fisher,,,,,,,,,,,,,,,,,,,,,,,,,,,,,
RANDALL,Cunningham,,,,,,,,,,,,,,,,,,,,,,,,,,,,,
BARRY,Watts,,,,,,,,,,,,,,,,,,,,,,,,,,,,,
ALEXANDER,Webb,,,,,,,,,,,,,,,,,,,,,,,,,,,,,
BERNARD,Lawrence,,,,,,,,,,,,,,,,,,,,,,,,,,,,,
MARIO,Bradley,,,,,,,,,,,,,,,,,,,,,,,,,,,,,
LEROY,Jenkins,,,,,,,,,,,,,,,,,,,,,,,,,,,,,
FRANCISCO,Wells,,,,,,,,,,,,,,,,,,,,,,,,,,,,,
MARCUS,Chambers,,,,,,,,,,,,,,,,,,,,,,,,,,,,,
MICHEAL,Spencer,,,,,,,,,,,,,,,,,,,,,,,,,,,,,
THEODORE,Poole,,,,,,,,,,,,,,,,,,,,,,,,,,,,,
CLIFFORD,Atkinson,,,,,,,,,,,,,,,,,,,,,,,,,,,,,
MIGUEL,Lawson,,,,,,,,,,,,,,,,,,,,,,,,,,,,,
OSCAR,Lawson,,,,,,,,,,,,,,,,,,,,,,,,,,,,,
JAY,Day,,,,,,,,,,,,,,,,,,,,,,,,,,,,,
JIM,Woods,,,,,,,,,,,,,,,,,,,,,,,,,,,,,
TOM,Rees,,,,,,,,,,,,,,,,,,,,,,,,,,,,,
CALVIN,Fraser,,,,,,,,,,,,,,,,,,,,,,,,,,,,,
ALEX,Black,,,,,,,,,,,,,,,,,,,,,,,,,,,,,
JON,Fletcher,,,,,,,,,,,,,,,,,,,,,,,,,,,,,
RONNIE,Hussain,,,,,,,,,,,,,,,,,,,,,,,,,,,,,
BILL,Willis,,,,,,,,,,,,,,,,,,,,,,,,,,,,,
LLOYD,Marsh,,,,,,,,,,,,,,,,,,,,,,,,,,,,,
TOMMY,Ahmed,,,,,,,,,,,,,,,,,,,,,,,,,,,,,
LEON,Doyle,,,,,,,,,,,,,,,,,,,,,,,,,,,,,
DEREK,Lowe,,,,,,,,,,,,,,,,,,,,,,,,,,,,,
WARREN,Burns,,,,,,,,,,,,,,,,,,,,,,,,,,,,,
DARRELL,Hopkins,,,,,,,,,,,,,,,,,,,,,,,,,,,,,
JEROME,Nicholson,,,,,,,,,,,,,,,,,,,,,,,,,,,,,
FLOYD,Parry,,,,,,,,,,,,,,,,,,,,,,,,,,,,,
LEO,Newman,,,,,,,,,,,,,,,,,,,,,,,,,,,,,
ALVIN,Jordan,,,,,,,,,,,,,,,,,,,,,,,,,,,,,
TIM,Henderson,,,,,,,,,,,,,,,,,,,,,,,,,,,,,
WESLEY,Howard,,,,,,,,,,,,,,,,,,,,,,,,,,,,,
GORDON,Barrett,,,,,,,,,,,,,,,,,,,,,,,,,,,,,
DEAN,Burton,,,,,,,,,,,,,,,,,,,,,,,,,,,,,
GREG,Riley,,,,,,,,,,,,,,,,,,,,,,,,,,,,,
JORGE,Porter,,,,,,,,,,,,,,,,,,,,,,,,,,,,,
DUSTIN,Byrne,,,,,,,,,,,,,,,,,,,,,,,,,,,,,
PEDRO,Houghton,,,,,,,,,,,,,,,,,,,,,,,,,,,,,
DERRICK,John,,,,,,,,,,,,,,,,,,,,,,,,,,,,,
DAN,Perry,,,,,,,,,,,,,,,,,,,,,,,,,,,,,
LEWIS,Baxter,,,,,,,,,,,,,,,,,,,,,,,,,,,,,
ZACHARY,Ball,,,,,,,,,,,,,,,,,,,,,,,,,,,,,
COREY,Mccarthy,,,,,,,,,,,,,,,,,,,,,,,,,,,,,
HERMAN,Elliott,,,,,,,,,,,,,,,,,,,,,,,,,,,,,
MAURICE,Burke,,,,,,,,,,,,,,,,,,,,,,,,,,,,,
VERNON,Gallagher,,,,,,,,,,,,,,,,,,,,,,,,,,,,,
ROBERTO,Duncan,,,,,,,,,,,,,,,,,,,,,,,,,,,,,
CLYDE,Cooke,,,,,,,,,,,,,,,,,,,,,,,,,,,,,
GLEN,Austin,,,,,,,,,,,,,,,,,,,,,,,,,,,,,
HECTOR,Read,,,,,,,,,,,,,,,,,,,,,,,,,,,,,
SHANE,Wallace,,,,,,,,,,,,,,,,,,,,,,,,,,,,,
RICARDO,Hawkins,,,,,,,,,,,,,,,,,,,,,,,,,,,,,
SAM,Hayes,,,,,,,,,,,,,,,,,,,,,,,,,,,,,
RICK,Francis,,,,,,,,,,,,,,,,,,,,,,,,,,,,,
LESTER,Sutton,,,,,,,,,,,,,,,,,,,,,,,,,,,,,
BRENT,Davidson,,,,,,,,,,,,,,,,,,,,,,,,,,,,,
RAMON,Sharp,,,,,,,,,,,,,,,,,,,,,,,,,,,,,
CHARLIE,Holland,,,,,,,,,,,,,,,,,,,,,,,,,,,,,
TYLER,Moss,,,,,,,,,,,,,,,,,,,,,,,,,,,,,
GILBERT,May,,,,,,,,,,,,,,,,,,,,,,,,,,,,,
GENE,Bates,,,,,,,,,,,,,,,,,,,,,,,,,,,,,
MARC,Morrison,,,,,,,,,,,,,,,,,,,,,,,,,,,,,
REGINALD,Bob,,,,,,,,,,,,,,,,,,,,,,,,,,,,,
RUBEN,Oliver,,,,,,,,,,,,,,,,,,,,,,,,,,,,,
BRETT,Kemp,,,,,,,,,,,,,,,,,,,,,,,,,,,,,
ANGEL,Page,,,,,,,,,,,,,,,,,,,,,,,,,,,,,
NATHANIEL,Arnold,,,,,,,,,,,,,,,,,,,,,,,,,,,,,
RAFAEL,Shah,,,,,,,,,,,,,,,,,,,,,,,,,,,,,
LESLIE,Stevenson,,,,,,,,,,,,,,,,,,,,,,,,,,,,,
EDGAR,Ford,,,,,,,,,,,,,,,,,,,,,,,,,,,,,
MILTON,Potter,,,,,,,,,,,,,,,,,,,,,,,,,,,,,
RAUL,Flynn,,,,,,,,,,,,,,,,,,,,,,,,,,,,,
BEN,Warren,,,,,,,,,,,,,,,,,,,,,,,,,,,,,
CHESTER,Kent,,,,,,,,,,,,,,,,,,,,,,,,,,,,,
CECIL,Alexander,,,,,,,,,,,,,,,,,,,,,,,,,,,,,
DUANE,Field,,,,,,,,,,,,,,,,,,,,,,,,,,,,,
FRANKLIN,Freeman,,,,,,,,,,,,,,,,,,,,,,,,,,,,,
ANDRE,Begum,,,,,,,,,,,,,,,,,,,,,,,,,,,,,
ELMER,Rhodes,,,,,,,,,,,,,,,,,,,,,,,,,,,,,
BRAD,O neill,,,,,,,,,,,,,,,,,,,,,,,,,,,,,
GABRIEL,Middleton,,,,,,,,,,,,,,,,,,,,,,,,,,,,,
RON,Payne,,,,,,,,,,,,,,,,,,,,,,,,,,,,,
MITCHELL,Stephenson,,,,,,,,,,,,,,,,,,,,,,,,,,,,,
ROLAND,Pritchard,,,,,,,,,,,,,,,,,,,,,,,,,,,,,
ARNOLD,Gregory,,,,,,,,,,,,,,,,,,,,,,,,,,,,,
HARVEY,Bond,,,,,,,,,,,,,,,,,,,,,,,,,,,,,
JARED,Webster,,,,,,,,,,,,,,,,,,,,,,,,,,,,,
ADRIAN,Dunn,,,,,,,,,,,,,,,,,,,,,,,,,,,,,
KARL,Donnelly,,,,,,,,,,,,,,,,,,,,,,,,,,,,,
CORY,Lucas,,,,,,,,,,,,,,,,,,,,,,,,,,,,,
CLAUDE,Long,,,,,,,,,,,,,,,,,,,,,,,,,,,,,
ERIK,Jarvis,,,,,,,,,,,,,,,,,,,,,,,,,,,,,
DARRYL,Cross,,,,,,,,,,,,,,,,,,,,,,,,,,,,,
JAMIE,Stephens,,,,,,,,,,,,,,,,,,,,,,,,,,,,,
NEIL,Reed,,,,,,,,,,,,,,,,,,,,,,,,,,,,,
JESSIE,Coleman,,,,,,,,,,,,,,,,,,,,,,,,,,,,,
CHRISTIAN,Nicholls,,,,,,,,,,,,,,,,,,,,,,,,,,,,,
JAVIER,Bull,,,,,,,,,,,,,,,,,,,,,,,,,,,,,
FERNANDO,Bartlett,,,,,,,,,,,,,,,,,,,,,,,,,,,,,
CLINTON,O brien,,,,,,,,,,,,,,,,,,,,,,,,,,,,,
TED,Curtis,,,,,,,,,,,,,,,,,,,,,,,,,,,,,
MATHEW,Bird,,,,,,,,,,,,,,,,,,,,,,,,,,,,,
TYRONE,Patterson,,,,,,,,,,,,,,,,,,,,,,,,,,,,,
DARREN,Tucker,,,,,,,,,,,,,,,,,,,,,,,,,,,,,
LONNIE,Bryant,,,,,,,,,,,,,,,,,,,,,,,,,,,,,
LANCE,Lynch,,,,,,,,,,,,,,,,,,,,,,,,,,,,,
CODY,Mackenzie,,,,,,,,,,,,,,,,,,,,,,,,,,,,,
JULIO,Ferguson,,,,,,,,,,,,,,,,,,,,,,,,,,,,,
KELLY,Cameron,,,,,,,,,,,,,,,,,,,,,,,,,,,,,
KURT,Lopez,,,,,,,,,,,,,,,,,,,,,,,,,,,,,
ALLAN,Haynes,,,,,,,,,,,,,,,,,,,,,,,,,,,,,
NELSON,,,,,,,,,,,,,,,,,,,,,,,,,,,,,,
GUY,,,,,,,,,,,,,,,,,,,,,,,,,,,,,,
CLAYTON,,,,,,,,,,,,,,,,,,,,,,,,,,,,,,
HUGH,,,,,,,,,,,,,,,,,,,,,,,,,,,,,,
MAX,,,,,,,,,,,,,,,,,,,,,,,,,,,,,,
DWAYNE,,,,,,,,,,,,,,,,,,,,,,,,,,,,,,
DWIGHT,,,,,,,,,,,,,,,,,,,,,,,,,,,,,,
ARMANDO,,,,,,,,,,,,,,,,,,,,,,,,,,,,,,
FELIX,,,,,,,,,,,,,,,,,,,,,,,,,,,,,,
JIMMIE,,,,,,,,,,,,,,,,,,,,,,,,,,,,,,
EVERETT,,,,,,,,,,,,,,,,,,,,,,,,,,,,,,
JORDAN,,,,,,,,,,,,,,,,,,,,,,,,,,,,,,
IAN,,,,,,,,,,,,,,,,,,,,,,,,,,,,,,
WALLACE,,,,,,,,,,,,,,,,,,,,,,,,,,,,,,
KEN,,,,,,,,,,,,,,,,,,,,,,,,,,,,,,
BOB,,,,,,,,,,,,,,,,,,,,,,,,,,,,,,
JAIME,,,,,,,,,,,,,,,,,,,,,,,,,,,,,,
CASEY,,,,,,,,,,,,,,,,,,,,,,,,,,,,,,
ALFREDO,,,,,,,,,,,,,,,,,,,,,,,,,,,,,,
ALBERTO,,,,,,,,,,,,,,,,,,,,,,,,,,,,,,
DAVE,,,,,,,,,,,,,,,,,,,,,,,,,,,,,,
IVAN,,,,,,,,,,,,,,,,,,,,,,,,,,,,,,
JOHNNIE,,,,,,,,,,,,,,,,,,,,,,,,,,,,,,
SIDNEY,,,,,,,,,,,,,,,,,,,,,,,,,,,,,,
BYRON,,,,,,,,,,,,,,,,,,,,,,,,,,,,,,
JULIAN,,,,,,,,,,,,,,,,,,,,,,,,,,,,,,
ISAAC,,,,,,,,,,,,,,,,,,,,,,,,,,,,,,
MORRIS,,,,,,,,,,,,,,,,,,,,,,,,,,,,,,
CLIFTON,,,,,,,,,,,,,,,,,,,,,,,,,,,,,,
WILLARD,,,,,,,,,,,,,,,,,,,,,,,,,,,,,,
DARYL,,,,,,,,,,,,,,,,,,,,,,,,,,,,,,
ROSS,,,,,,,,,,,,,,,,,,,,,,,,,,,,,,
VIRGIL,,,,,,,,,,,,,,,,,,,,,,,,,,,,,,
ANDY,,,,,,,,,,,,,,,,,,,,,,,,,,,,,,
MARSHALL,,,,,,,,,,,,,,,,,,,,,,,,,,,,,,
SALVADOR,,,,,,,,,,,,,,,,,,,,,,,,,,,,,,
PERRY,,,,,,,,,,,,,,,,,,,,,,,,,,,,,,
KIRK,,,,,,,,,,,,,,,,,,,,,,,,,,,,,,
SERGIO,,,,,,,,,,,,,,,,,,,,,,,,,,,,,,
MARION,,,,,,,,,,,,,,,,,,,,,,,,,,,,,,
TRACY,,,,,,,,,,,,,,,,,,,,,,,,,,,,,,
SETH,,,,,,,,,,,,,,,,,,,,,,,,,,,,,,
KENT,,,,,,,,,,,,,,,,,,,,,,,,,,,,,,
TERRANCE,,,,,,,,,,,,,,,,,,,,,,,,,,,,,,
RENE,,,,,,,,,,,,,,,,,,,,,,,,,,,,,,
EDUARDO,,,,,,,,,,,,,,,,,,,,,,,,,,,,,,
TERRENCE,,,,,,,,,,,,,,,,,,,,,,,,,,,,,,
ENRIQUE,,,,,,,,,,,,,,,,,,,,,,,,,,,,,,
FREDDIE,,,,,,,,,,,,,,,,,,,,,,,,,,,,,,
WADE,,,,,,,,,,,,,,,,,,,,,,,,,,,,,,
